"y","p","w"
-1.77842052160124,-1.83911641340138,0.936357071548669
-1.39309586103597,-0.543351115584885,0.511695446116171
1.72568422770203,3.37513554601356,1.93297177471922
5.42188796729566,4.43814423905378,1.13826616612413
1.46896962627377,-0.0677332730742691,0.770319558490198
-1.29038130405931,-0.735978637684236,0.360260036040518
0.593588972091417,0.611322679813508,1.37336412541004
0.216305738129937,0.841793627552725,1.65356951282746
0.239963279366458,1.70728169275821,2.45889195408176
-1.76237324793195,-1.69248264207304,0.829437944391277
9.80889470550465,7.92734545864946,1.4897755059326
-2.46837690509132,0.215183036882064,2.34949736791588
1.3808437376366,0.724096700894237,0.372403291358058
2.04449991901683,0.776561456748038,0.546326426752259
-3.43342693455747,-3.84909782712376,0.139769779416605
2.92230729988035,1.85389501876806,0.450055259008011
1.55159299118704,0.156447644023719,0.211656596021834
-0.960440136559793,-0.372650727226398,0.340573865668582
-0.0580931908090195,0.0769865989589401,0.939569444952139
0.541630404243968,-0.362272126193232,0.547146497872844
1.65662117386568,0.988440995601773,0.838226980276343
-0.0724383306528866,-1.23459075297935,0.34234238963736
-0.856610207348243,-0.184082095210687,0.64946803431508
0.45621558666975,1.56984713278869,3.42902862218073
5.55957355396817,4.1385135071875,0.901634800626961
-0.307164665250445,0.0123113751476366,1.06449252650134
-1.63224160902616,0.340650282414074,3.68053505912004
1.82163253838122,0.893623372697509,0.661180010009045
-0.78464725678425,0.175700514173173,1.48052355396565
-2.84468548981819,-0.27495211463341,1.9671938562555
-1.34911452184281,-0.763848082049356,1.19326139883206
3.00162425760909,0.267976969920034,0.240519782847093
0.141376817723131,-0.933472841248455,0.0847161879142474
0.806985743560771,1.95432946514653,1.38220876545168
1.10660778689958,0.828775638762154,1.47583327857411
-0.189250488302828,-0.148218803014397,0.757796902421178
1.65667426479594,-0.331512502432157,0.309395690082776
0.0894283737832004,-0.467184285067435,0.551505665888555
-4.56947897379161,0.742779941774044,5.76932065170754
2.29981707300311,0.903513513385176,0.944857780449141
-0.294019685627022,-0.483857052128326,1.85725329088606
2.36546636134572,0.77129911829106,0.289420536135591
-0.762295029292792,-0.0207036264897,0.964638150052453
3.03531794733336,5.18277648842109,3.500326770633
0.108324248385283,-0.494755540284154,0.693954262281638
1.2966156427015,2.45532439362284,1.93929786695784
-0.934538598472523,1.22790407390978,2.15280161234776
-1.99111973105115,-0.779748268517178,2.17140499353377
1.00234383699823,0.707563493403808,0.369329925985258
1.03525854084997,3.41767129900328,3.85544386533306
-1.05046354736246,-0.797413185465296,0.637589994794024
-0.706477254290579,-1.52116962488587,0.0712472314890815
-0.134189683891562,0.807192583382224,3.24435602583506
0.582941102793847,1.41015494772793,2.5519717001602
2.28953448507812,-0.0260974891833636,0.500531514312766
0.367221964587808,1.33734680999549,2.21387372491648
-3.22280573315244,-2.93508227210797,0.390702549521268
0.220630250369217,0.968071582305899,0.559866669000257
0.294746241706671,0.500110445664227,1.53970455980352
1.65921050124522,0.137917614124912,1.13540090661826
-0.0751744889167177,-0.465613471270298,0.0632656356310593
-1.43535548788514,0.377557920755246,3.4240373229566
0.712162688663728,0.681759653421692,0.75109031800077
-1.13884164994792,-0.945175538473122,0.829359590773896
0.762915927443515,0.0959505369698712,0.688197680319941
-2.49315012373075,-1.60208504287851,0.335762663260628
-0.20961894281133,1.15931185097027,3.44113396638355
1.39443768506747,-0.179981088391082,0.287974181280721
-2.26993125656359,-0.462765830215843,1.19309268578128
0.526243858667049,-0.13948834534407,0.361356446600359
-2.11712701666957,0.298740454662809,2.63278028341959
0.721849528890144,1.06809503185363,1.66872221104846
0.714654156948129,0.853793931961607,1.05970799537267
-0.463421072787552,1.01279029769276,1.81873070561766
-2.70670650302267,-2.05650360432342,0.344352439508795
-0.207836587885991,0.0742311051506869,0.669618554467703
-1.25386973677939,-0.733744137903481,1.17139592464084
4.72939877910895,4.92589888867272,1.34967253793213
1.21463422447932,0.383330146532523,1.08499038418111
-2.42108628089935,-1.82282366548946,0.465886073052136
-1.66508669678305,-2.01087220005089,0.416672228382746
2.69598051356627,1.84387126391008,0.274466818642009
-0.624348411473742,-0.702713758005931,0.0390062350689486
-4.05475738075372,-3.4652923806855,0.600838274958629
-3.68625700570497,-3.33207552047575,0.143699348867852
-0.0115713185251285,0.520096613541969,1.54414705849459
4.30632118504758,0.891763486530144,0.308585994285335
1.14228234108679,0.0582533198816298,0.114406345291229
-14.0522967101152,-14.1034434942696,0.0287387659956324
-1.96679541009462,-0.626456382512077,1.83156477496249
-0.919573744364744,0.170966760919778,1.8727759608671
1.77442113439682,0.477764096713264,0.0711432510905994
-4.0843543854232,0.152413769709638,3.52987641040618
0.463707764723744,0.572169975233024,1.56598663863353
-1.51924037938391,-0.158268785672853,1.11475988074302
0.0156035109016498,0.283379346071097,1.325972659843
-4.89113539248862,-3.15968211379892,0.924933380895542
1.86517778903392,-0.508331969919869,0.155358927597305
-24.0770647507052,-24.5774707494591,0.240437388174018
4.28723462587483,2.34849430014557,0.380459497804798
1.33960718779441,0.492648297424384,0.571241333593799
1.98137234931474,-0.102940047879852,0.269186838895389
-1.29905943907646,0.362624882715758,1.48693588085967
-0.220414286899844,-0.705400502965942,0.0694697985504142
-0.85735415057524,-0.679230981743545,0.852469729807039
-0.960472700921241,-1.20057457486185,0.401165474559286
-1.28758214997737,-2.53948129523294,0.382558764107943
0.554907475428007,-0.309024815142324,0.359650869380595
-0.0883698685387374,-0.674425714506429,0.470524877397886
-3.62651356200007,-3.21592558297294,0.108450334572348
1.01753159443092,0.35994286699402,2.04213615305722
-2.22038755618915,-2.65612666930716,0.851352250783605
-5.85936682903663,-4.98689112844731,0.372182529937034
0.105481812070781,-0.0416214951623785,0.609419410648627
0.577089383237341,-0.764371052111148,0.530848230077332
3.77448833489994,2.06844195584809,0.160577071717
1.2279508127164,1.10229061349391,0.733888762513226
-2.3782373457428,-0.317523781573924,2.71996832480703
-8.32705038828855,-8.02296948773487,0.371622135342653
1.38000488901262,0.831318232013254,0.994720037380578
3.84509948503584,1.78226597861619,0.434702030540032
-1.50432630199981,-0.478315459924482,0.80913385228488
0.583763573459191,2.002378230986,2.26445434328477
-0.710626957364249,1.13454198716317,2.34335462634821
-2.78765542506072,-2.708434558084,0.292563436075215
2.77137727492252,0.313061969333996,0.352585892454972
0.117220371491267,-0.673499922786167,0.138296939662448
-0.631848151610883,-0.835301784186789,0.991479615372833
-2.2283596575729,-0.190759694521626,0.931949332900546
0.113034815741085,-0.273601634782988,0.144469115122087
-2.90771301783065,-3.30972695207843,0.324069057351024
4.59197491320759,3.53608287161072,1.23655122116629
-0.163447865836857,0.931639057838283,1.5665245643612
2.38053553141892,2.29274585068002,1.34997571000739
0.234515340385598,-0.229201265973333,0.123835663368932
-0.698476743708955,-0.0309967272163045,0.62760190896981
0.104814185833352,-0.546849655748375,0.100323651305781
4.94810393637048,4.15769444968619,2.05467880328447
0.49447457124292,0.191744895197982,0.641665474890987
1.70011830186481,0.978708180588127,1.13550244369566
-0.0457830410149377,-0.800220103506085,0.84008513316671
-0.658684601864805,-1.23864724935038,0.101081804674318
-27.6027132127356,-25.3798626668604,0.0954685837636983
-0.579696219173653,1.15205901087968,2.79262763101563
-1.35246029659491,-1.52786409957944,0.315395842854608
0.419095093544006,-0.70536829773506,0.0180271832969876
-0.869936590627139,0.292775149799081,2.5184917405436
-0.696142050286894,-0.972699551647514,0.357034766604399
-5.02125695386106,-2.24503821089498,2.28578446535357
-3.22842758700296,-0.161929903064571,1.73804157389112
-1.40011790707192,-1.71780601825352,0.471618891842208
-7.55993151334832,-6.52509927678699,0.0667944368746134
1.69550228636456,2.16171559529749,2.6552268678261
0.526732539823821,-0.0804981189302087,1.12366901682557
2.06700703892747,0.479433054157267,0.149905016452691
-2.99627487746711,-1.12404698637082,2.21226050292107
2.85143740936411,4.87121075627757,2.91251427621963
0.275596692925206,-0.795100394736045,0.494676414526406
-1.52585860204253,-1.4268122597231,0.440408240791258
-1.99181217970222,-0.500166140380415,0.659227580467166
-1.68054776312638,-0.454388383682706,0.779221702819992
1.72983618795762,1.39470810216667,1.27529668376961
-3.60726023463776,-0.986550003661454,1.3314971953389
-0.469755565253579,0.532814019608231,1.7663483182707
3.81240212220016,3.70461335322753,1.57729027904871
0.794441129252602,0.350700878050921,0.166537234047093
-1.03588946493649,0.459134621138509,1.97027109563497
-1.75664734573347,-1.29386815708772,0.467489069664918
-0.823286741209446,-0.481052483936894,0.719058234000175
2.72382901652556,2.4578944291676,1.21964811002123
0.655072107625629,1.21486210434875,2.18516866572457
0.411521709323822,1.01096336419506,1.61364954815824
5.25230159903179,2.01495072999039,0.582981528928361
1.11933499285706,-0.268605144859614,0.0721220437870184
0.892693047179162,2.74007722858247,1.93338986092472
0.277950023807243,-1.41219717663567,0.401541716116281
-3.71951270535114,-2.99723115245779,0.414091737118719
0.824296604395235,2.40323793409504,3.37961122557103
-1.71790236573329,-1.22023354779392,1.791101654278
-2.03645738170007,0.131892028027861,2.43853739380191
-0.88330658453114,-0.0563363273411792,2.05395327381958
-0.647392567448413,-1.65486947498484,0.00471486509452625
-3.47159525089647,-3.49561532779922,1.10651854993351
-0.654749775394533,1.46315007751504,2.6582164896145
-1.74017882228533,-1.72002120131848,0.372460070334387
0.58495320198908,0.413881915244911,0.875447835160305
1.08516897596866,-0.0024945725982563,0.384425403283732
0.865798384355986,-0.0614752673830054,0.424475616436772
1.6829944746201,-0.280754652845249,0.685463954041349
-0.0741878818804881,0.0061402366934503,0.616541027150826
-1.48917636662837,0.708088150288578,3.21427752221438
-0.200720633794876,0.262975921621446,0.611113500161135
-2.02347070642555,-0.845467237797599,0.556016739344309
0.391394272771992,-0.657910610450168,0.0495716331861613
-0.389322744931673,0.289485660117679,1.5851716102032
1.28788483865929,0.168810739415636,0.174242612535123
2.23551732143159,1.80432842188664,1.05736622799481
-0.103530869279204,0.417385763005526,0.616553393111065
-0.396552722959244,-0.836400843353611,0.708444711414807
-2.00205002626891,-0.111523278216802,1.87399269040787
0.562608044002283,1.08387805236956,1.26841012255709
-1.90888350789556,0.192594336182387,2.58163219558151
0.412907376617121,0.718977285555071,1.48530558442575
3.4187389370299,1.00846824345644,0.51659490406032
7.98322515385633,6.71287765220093,1.292483941445
-3.44517031869698,0.181514220175743,3.13039025381678
0.720475019689915,2.01200416926204,3.26961874496506
-2.96945749733753,-2.26216773295269,0.357690038627158
-1.73367100407154,-0.710847994782947,1.04695806306384
-0.872202301027817,-0.584109958145497,2.18733251243243
-0.762300852515708,0.168127817230045,1.28680047730818
-0.47579261337682,-1.7538482111353,0.156483337047361
2.58846288261384,0.0559829165428229,0.0136096827684166
4.39197628982369,2.25391184264864,1.57615520062411
-9.53955962120953,-9.12011959009113,0.214160982749959
2.61056892927236,1.25564780176187,0.708243449497764
1.70342319024531,0.136357297260321,0.0246823614618755
0.00538851405387006,-0.220052012774298,0.794077236915134
12.0756872797947,11.94102086238,2.57918112232495
1.66711389956481,-0.247370155069438,0.291150940681802
-1.53125526229792,-0.253164399771345,1.10499405715536
-0.603579056490225,-0.997514157582981,0.124657945625985
-6.12573492874095,-6.61063949701434,0.0300414371956099
-6.50807692933029,-4.81317212244729,0.438290240328692
-1.85898070671841,-1.68540869510854,0.423194876553799
-0.609779409517955,0.582941051487638,1.31940941602176
-0.470401695595008,-0.273000621514467,0.932258640628113
-0.627508553948616,0.112761045288375,1.32467944748202
1.36508134652516,2.37183145445024,1.71035743988799
-4.99145301393231,-2.44406248192721,1.85080396331923
-0.31676540933968,-0.533331343994837,0.332460675665487
2.15171915563403,1.27340455800211,0.301979537561664
-1.86079800773451,-2.21859684857248,0.460097304994568
-1.37054768503659,0.589471802212243,2.43950017959969
0.434707201232289,-0.819209493602668,0.312410603595488
0.182622869952627,-1.02647945529738,0.286298986408765
-1.62353642687909,-0.754370172944532,0.121214190913505
-4.3329436231288,-2.36101808717665,0.0248656228354328
0.353143894320186,-0.692685205636442,0.235448416631335
-2.06772113479816,-1.68250483810425,0.28620486283984
-14.3639036425708,-12.981848988827,0.478636600155623
1.09274586255035,0.465163764565649,0.0828013706210026
-0.943242512638228,0.843932566605872,2.51049767681576
2.02017239274358,-0.474357257109199,0.487553616715578
1.50778202670525,0.385326913826947,1.05863343590166
0.0682208217291578,0.0094613060104404,0.248479674927681
0.16997065690839,-0.580929291081646,0.18829082299101
-3.43665373610128,-3.64504883505776,0.207419662273281
-1.58287785702053,-0.775471485410899,0.592031942940802
-3.4098976331432,-2.34624854824449,0.600453766708238
-0.688748978950843,-0.0623178591099289,0.328844436821257
-5.40838280056164,-0.519385110234437,3.78477091343165
-2.68535760678716,-0.788933060468511,1.05160904414401
0.268685259414839,0.476395382201487,0.715769987882582
-1.7179077393529,-0.846644862461486,0.370898358464143
3.96806758813258,2.66163832054313,0.805336515686752
-0.02998171574185,0.0393204484765236,0.811170344115703
1.84237031239545,0.192332664097021,0.0623662100729609
1.97769680018967,0.247982506692326,0.408865107586515
-0.135360867241718,0.316205711252575,1.27742890483361
-3.02968577939819,-3.44333756482133,0.027528622795113
5.87426282607452,3.66099909264593,1.22805976560563
-2.91639551854097,-2.15788357791925,0.177215519825861
0.350077000197087,1.00718304850292,2.04486594935823
-2.52362092552805,-0.999307308909296,1.70383992593894
1.09159769781972,0.210711267613141,0.60389007384224
1.59844855227833,1.87474756047544,1.67222424159267
-4.93937208734255,-5.33456129598863,0.0116764199945985
8.93908582449617,7.96769804212534,2.4298868897142
-0.493984041454045,1.17710675642785,1.42490815383502
-0.75767917936237,0.914021241490487,1.50783860503954
-0.957547923949937,-1.78489571728718,0.0296481237795363
-0.488853838712714,-0.00253347006480839,1.07829954135296
1.49383731629391,0.301322333493189,0.961159806654065
-3.83583783878776,-3.03533141339578,0.111791026588219
-0.527878655934697,-0.315979888292496,0.357667909432535
-11.4379170814119,-10.8148655719847,1.22785350226423
-2.25069533449212,-2.06516992779503,0.125418296207403
0.211780265399383,-0.112918262318416,0.125921481872731
2.3878414999751,0.968590374080802,0.588578701708166
0.727050658662833,1.15873132738295,1.84710578536028
-3.02016871982947,-2.94712818852245,0.84849730756187
-0.346037418285375,-1.16179935411488,0.304591418365412
1.59966017557011,-0.764801704494675,0.130966403105944
-2.08605925428509,-0.519182770336867,1.81415613196917
0.118613059617511,0.114240472485541,0.188588163478453
0.563039444450697,0.901841620979797,1.10007053521757
0.410758780746556,0.511972140785547,0.999052153353557
0.232377797585779,0.393889133580235,1.19050664192841
2.53857001494453,1.81856006504684,1.326356445161
-0.0522420650748782,-0.337939698681642,0.300384432306751
2.55661202640363,0.753869103085345,0.210632025760664
1.46809415804585,1.51169974353033,1.29178541022456
1.13490915870622,0.0255874832194806,0.48902129173494
0.0856875169200303,0.188150254564996,0.81716606458064
-0.892599172843781,-0.337955537675777,1.00656410962109
-0.0431409704129401,-1.34155670695276,0.0411544545272667
-1.31963614604668,-0.774680334951577,0.336550085826002
4.25837637011227,3.18505374109205,1.41557294642566
-0.284653566738782,0.396125979177967,1.96423945803059
-11.0306830915309,-10.3628352988599,0.0464926371347673
-3.07397200913875,-0.388406359375416,3.10016152810103
1.72906014882567,1.48302164409408,1.69809943871913
-6.17019309924638,-4.41029512066405,0.636185233566716
-3.15999264156994,-1.14022359139582,1.00473425930337
0.0541190491347469,-0.775451772042703,0.417437356559741
-2.11324094657479,0.0141087283560226,2.31191743561077
-0.0150978933778426,-0.0735329663186527,0.262042925436667
-0.308909977173545,-0.572823084084643,0.558764950721287
2.556372074744,-0.0737716326468461,0.0623076224250499
2.93767049796903,1.38790224497064,0.148644716426293
2.65004784696041,1.40342494262862,0.647488446045595
2.15155186813352,0.235935367992183,0.193445045988374
1.29267614759009,0.315483280223656,0.829208903069815
0.737065706445159,1.01963912949798,1.67644768383307
2.25606546422642,2.70402177252948,1.24088877058078
1.1071140573812,1.4267037191343,1.30025685498282
0.334160834293292,-0.106692054248994,0.495406211809259
0.0807363414090865,-0.381077327298171,0.275596584561523
0.605888272966313,0.237559606686571,0.514522355089669
-2.3172440927983,-1.38486644767244,1.07579146004258
1.60313452280264,0.215695104933283,0.306632073889079
1.90335894959581,0.987429399707552,0.657358116147604
-0.226149483877008,2.54628152092776,3.75138559676534
2.77134076281772,1.78566264857662,0.794094372255407
3.83368269312366,1.63605715059474,0.934069997181246
-0.00930683058222026,1.00019828631369,2.18152058485506
4.9960791443411,3.81481946917551,1.46532826032488
-0.438232144989819,-1.25112700015953,0.121510303410344
-0.4542163046691,-0.156242310286462,1.17193501222864
1.07195330683337,-0.775461452752969,0.0188213617455897
-3.1921695993518,-1.6028581774975,1.5878180764712
-0.670690133615584,-1.31467175267788,0.23397635026476
1.73823314469542,2.37453935236992,1.46036969988613
-0.340679451014873,0.344848047902897,1.52090073851577
-0.145008389527045,-0.899530714374499,0.733602529183412
-2.67877567820046,-3.44155399999304,0.260844867545889
2.27867740775682,0.858721241716982,1.18228291477028
0.316274491068053,0.325801644417792,0.366758724377675
1.72195224063154,2.58624480818319,3.33868954502173
1.74022452853142,0.330862839196924,0.257730500043491
-5.96495597223806,-6.40468981170712,0.0461598828094277
-1.63524200907822,0.522256693888012,2.83020551588069
-4.26973357602346,-3.13393803270937,0.740813770531779
0.0240259496386971,-0.852433882682627,0.805206313338106
-1.27254445674826,-1.51343949599807,0.336418612512994
3.61492101183803,0.694268469073185,0.262727511274395
-0.128453594212583,0.0354053989631429,0.312170069727861
1.51016007753596,0.00623374039802404,0.426574830114693
0.905133709092538,-1.4881967123077,0.116254792350292
0.139110344975063,3.43916168090883,3.5965103745187
-1.82520698415636,-0.76880153559023,0.369142270750192
-2.18815637141085,-0.655234797093092,0.529741015298644
-1.32608608123453,-0.325118183174214,2.60052479072163
0.530949479095014,-1.4623559314211,0.0971148447851092
0.269144489300178,0.392183903588607,0.813762194985914
1.1249830968459,-0.211417402763795,0.339504880773563
0.295455421643376,-1.09266198894154,0.0919984348878918
-0.980932546054099,-0.0968746238991524,1.17633131483355
1.05668214541313,0.698361987261823,0.840252986363461
1.53377918889919,-0.0499084590938774,0.522072200688909
1.55781503375299,0.469548666279981,0.305643207508999
-2.09111835517168,-1.61515539709759,0.411864524502082
0.201012164425154,1.80062417973059,2.19836718633872
-1.8385261223758,-0.656082576888902,0.686611605600695
1.19066248848787,1.70274864892813,1.82541361538613
3.05664223979264,1.56240504345956,0.547364107148606
-0.294005710120753,0.181344332022128,0.568885624744289
-0.795938658862223,-0.52771555312852,0.352554771248257
5.47630631410547,4.27407347647137,1.08280648636679
0.335544691204626,-0.610364872723246,0.270983049382001
-4.36310257859409,-5.39219239896974,0.0307991066426396
0.139589076755732,0.0750896360788877,0.289944231681939
-0.472769979979648,0.46871391650821,1.59199943880656
-2.6669913525445,0.285773098030126,2.41129600567891
0.873033225362698,1.74524925509001,1.48033232474263
-2.07955252590802,-1.74355256008106,1.00398459816248
0.282502148275982,1.80339182107062,2.24163447533734
-2.15697801611008,-0.960986014010495,1.11255330906707
0.812970329602776,-0.329467469607744,0.0899153300192322
1.22338895905548,0.568460359779474,0.919890989050599
0.340921603603397,1.04417485043696,0.671769140995492
0.25237144045817,-0.395497421779817,0.288036088115002
-0.346407927667734,-0.892487539091948,0.292931302245936
-0.351801522021727,-0.364405926034632,0.679911685438947
-2.57782312374877,0.506597192139358,2.71490328514503
-0.207611000495615,-0.695678454910874,0.629329906058162
3.02485008556247,1.04286184126708,0.977145165465236
3.5931536695543,1.18593762696568,0.411795556740061
-2.29961139905907,0.981619377529351,4.16543274879789
-0.433006126630754,-1.26827361489194,0.0225758891373567
-0.124706333230569,-0.816767659046332,0.68300734433077
-0.580703702504739,-1.0106101270508,0.320708644548762
-1.01202699928931,-0.228669305874964,2.03766905645434
-1.55017396019573,1.74415017164604,3.42453227430885
3.79415256842847,1.84087499031981,0.758433044079102
1.03789419908756,0.936522600595532,1.72901493622088
-5.15898374122524,-4.39049718170408,0.473484676178415
-0.44831870727434,-0.059363716995877,0.71558814010981
-0.0887009522998032,0.219884272101236,1.79921831033207
1.68038799069087,0.419680756402726,0.580733539879498
-1.3062661220922,-1.93917862739773,0.0392691555023875
0.0922313175591024,-0.229065275883983,0.632000540807741
0.113374482057779,0.0306704581894437,0.895558182159849
1.07081270251574,1.00972882035111,2.06702865674003
-2.8354160685472,-2.54039096115712,0.566443030508842
6.02701088567986,3.78077988653162,0.967447137501263
0.55930470675671,-0.462480858586906,0.771523049527991
3.91464456147225,1.81507344681122,0.0822899077963936
1.18539353040412,0.403610538780149,1.48747690078229
5.83764513047759,3.13565635472443,0.494767809159582
0.908566989671535,4.23935987580832,4.15434173076987
-2.66048062414853,-0.0537619393343695,2.453327991966
0.27805894911983,0.564198490864601,0.871294092415686
0.798050777824274,-0.194036661074848,1.16633945743108
1.04048942304993,-0.394891960720082,0.0506414139827983
-2.05372088853724,-0.985472147961598,1.2746184148089
-1.16838244400449,0.904567461376591,3.29401181478704
-0.473920246218184,0.911005832077701,2.64879476552717
0.554656637721372,-0.968510582986449,0.112365405803014
1.44616784694488,0.218457344917535,0.973541946288681
4.71102339916667,2.44126698634391,1.18360305441363
1.75558258263647,0.968173091157226,1.09511883830553
-2.80277513433695,0.519370500261163,2.21488083728518
-0.476645538686472,0.322382992574782,1.42128218534381
2.46248823423587,0.740649508411254,0.511969202558214
-4.12274774935181,0.220459400327149,4.18313313191723
-4.0581190237183,-0.413975763859451,3.46495357607151
1.48898457755772,0.0922536281584554,0.0488129883226821
0.189967731777965,-0.10173080064154,0.729405566093653
1.88687672417025,-0.0385993771833237,0.436072059168402
-2.37382373698436,-1.87612677097953,0.539452718884243
0.507747580313466,0.370085765746858,0.860576473465946
0.314589177327334,-0.834065236952582,0.193230967362162
1.80483888935237,-0.0969697464307528,0.39013278544462
-1.26312079455469,-1.91307460795385,0.14512601605667
-2.26972702115372,-3.14762572660111,0.143442353821154
0.127835033798145,-1.80794248053941,0.0486780128847718
-0.829271647243831,-2.5840145275336,0.155005148249111
-1.34735208867563,0.170723834483228,1.08617963260723
1.95073269970207,0.76291177449047,0.592237235377401
10.5879753551273,8.46864922543273,0.931813612521412
0.0340328911709488,-0.401974773896243,1.01148646622398
0.249783379423102,0.579910760958199,1.72102686589192
-2.94868792637411,-4.4008011726475,0.0774194591904263
-0.430316277414417,0.398365731460147,1.58412993304207
0.230889911121608,-0.20135637076152,0.915378076328054
-0.922418998595349,-1.22308535309101,0.0760156058285618
-1.74182519656165,-0.156992395921904,2.14680352409125
-0.379387770822971,-1.18006071461517,0.289679909091457
0.5459970885355,0.185129968310447,0.637186772667512
-0.255394476249773,-1.2217303084291,0.0668183020483493
-0.0955257646499338,1.38950611449357,3.44746387246086
-2.47479531583082,-2.10535011346134,0.0411580288855898
-1.30024789762639,0.0351106751793228,1.26414175702243
0.0347246235082344,0.10066837960763,0.51407483873156
-0.609624443015435,0.585474658010904,3.67664362590055
-3.85451908342532,-1.65314795959706,1.16209267699051
-2.37040280934656,-1.23031516114962,0.415539527916868
-1.79389120396653,0.0990442894684183,1.80664256664852
-1.44729945981753,-1.51687326171165,0.452498778269903
0.338717227043022,2.13482778026917,2.59304111897532
-0.446486801609258,-1.39207086855294,0.119806639583256
-0.63796158684136,-0.493490266990713,0.474807092809959
-3.08821785750987,-1.01328540817032,2.94325741730909
4.52852332759298,3.68102176448415,1.19521483827532
-0.64113567481259,-1.6455801362802,0.147560605063383
-2.47345323484988,-2.48268701081841,0.556415608486304
0.65600889514795,0.254424720258276,0.4815504470201
2.54514885641716,0.44427677302897,0.228556156777848
-1.37255944589708,-1.40942153402129,0.552141154865518
-1.3130292717151,-1.21444642321216,0.25930770058674
0.3126768389833,-1.37338472373412,0.548658048901056
-1.13914257030322,-0.71821499288338,0.221907259386351
-3.21619655145793,-3.7362280371526,0.100657021289036
-0.233475030191959,-0.812579490699459,0.267250618781896
-1.34092133762015,0.046359568053941,2.26100029674967
6.36253299733743,4.20899571001244,0.573466687516714
0.798097853126543,1.93916371170811,1.9223138688363
-2.25662123719056,0.43298043365682,3.0894561583012
0.160702177127446,0.000976116395103939,0.666672482461221
-1.99872413208988,-1.41584235595499,0.46343652017025
-1.61839838355517,-2.06342744048168,0.316460361422392
-9.18326879109078,-8.61218575474667,0.742656136331741
0.145588555696636,-1.25393231404223,0.196009296358251
-2.05270498603381,-2.11905780267483,0.506584269261895
-1.97678425793108,-2.28138643439961,0.210804985188515
-0.399025694537208,-0.0657602695015927,0.241775666167108
2.28595182017883,2.62335036046177,2.67172579819263
-2.62094489104244,-0.952457381867473,0.968417777004665
-1.34629645976117,0.945217226956717,1.60764896794236
-0.854248618681515,-0.155252473943862,0.617137502218376
1.88707225677986,0.296437523290236,0.668116713662973
-1.57539715085605,0.418872858844375,2.09615334001963
-0.0517110268828286,-0.835215590936735,0.321195764815973
-0.406472278916831,-0.949713845526158,0.657759794296407
4.35026207326053,3.33839935063121,2.04750136142011
-4.45511529201368,-2.49887110255618,0.931874205419413
-4.01975534204163,-0.847784720582496,2.87308676285365
4.04029788473409,1.80928757190183,0.978790457587177
-0.880742608520103,-0.59636645437557,1.3919401589373
0.962300669176132,0.366873034100195,0.313381029310408
4.83379108102896,3.43300693386758,0.870848687725489
1.68437943713481,1.63736403429927,1.4672377497046
3.58948181809407,2.37667381480889,1.93043708630904
-3.71546097699766,-0.284370992403636,3.19145669537522
2.51249668173438,0.396897252175206,0.173557700827842
-4.37634183540699,-0.675705998109841,2.43773687815828
-0.0850334045756018,1.63338686716293,2.04017010182282
3.10812460734275,0.954355768140044,0.321146570301195
0.304750806764436,-0.607877265929715,0.184275612390687
-1.76831121728637,-3.19157310430432,0.12951841371687
-1.89681961475897,-2.17764160108572,0.354723501460471
2.63286260943244,1.14931463499644,0.108978993995582
1.93929342220915,1.89840895728353,1.55967213017138
4.35407072590919,1.31276309950712,0.882040591477243
0.462539547037519,1.17749154280827,1.46596579085176
1.56207931749131,-0.893644632949659,0.39953376569059
-2.64611565874629,-0.402081399359553,2.08453984225691
0.367829678417316,0.449206317922333,1.05644143044664
-0.0578925819209515,4.90408322306992,6.71173306163696
-0.798713595548629,0.388055919681979,1.54367803214016
0.678842053917302,1.31742460632635,1.23293282310589
-0.383960592514085,-1.23063922222453,0.125644545552842
-0.553062664894914,1.11953958354546,1.97384781343859
0.939268848088096,0.650088291587257,0.420374178846345
1.89853184384353,0.770280771926906,0.567234052463117
-1.95888811642965,-2.61386290449913,0.0383924358956758
-1.42823109837296,-1.65779204861079,0.0221380988490591
-1.55679134435679,-0.440590696387918,0.48699311599214
0.676755842479999,0.474603972684781,0.0280207129988205
-0.193416480405232,-1.1305843439526,0.490755786675403
1.41877303821827,-0.172162886862741,0.410632989421855
-0.873764115631883,0.322550389802424,2.69485582505611
-0.37554995531774,-0.8763454944756,0.0858487519244228
-65.5292633451027,-63.3285073713887,0.472052620231923
2.81146013576173,1.51717678104133,0.432898524176107
-2.88695661140044,-2.70201156257622,0.179335852387613
-4.78390373917356,-1.38350715604191,2.89323120392866
2.36201666453214,2.55732903233353,1.54482277449208
-4.06806696738288,0.104543488169659,3.39027766359874
-1.07062536196409,-0.730810382065518,0.611447614718625
1.85384603898469,0.126248023576438,0.443019854313856
-0.0988119117204337,0.169924631495296,1.10174981589978
0.947891332341675,1.13938672394055,0.472973661210608
3.74412314544344,0.951780287003744,0.340642109685898
-0.499275124949059,-0.241256061657246,0.142632713695185
1.445684498506,0.40348248468398,0.0723643439929442
-2.3528489512704,-0.778681952835289,1.70738336397653
-0.265634763955137,-0.407607045225775,0.737650647786793
-2.08560030150093,-0.795835720829702,0.971051385805368
-0.288533934371163,0.199844320938009,0.817119763379205
5.56918867318008,4.41969363899208,1.04764016101894
2.61911499794773,1.59458423964159,2.01006641287933
-3.4000367940232,-3.87501965692441,0.416678377634832
0.70917018028147,-0.191755465704877,0.623944839747248
-2.4140441380311,-1.53439303432243,0.316019287974754
-1.63773467018849,-1.1904271796433,0.0475401435111903
8.2128209227359,10.0649172089939,4.38851274774585
-0.322780426340766,-0.124012407763354,0.692737272133103
-3.18155323372666,-2.01495500983311,0.666859275557171
-2.75041473501671,-0.515704347841328,1.68527765859278
-3.11350347404459,-3.24025877345958,0.0975926100674573
-1.50700211257242,-1.65909053440201,0.621734382339018
0.378206414824142,-0.57193217066991,0.015475686164497
1.21005199392415,-0.138102726043514,0.0646322305480501
1.2609973567664,1.31600766545954,0.808330923460485
-0.946738526347084,-2.84965433385836,0.107828214068614
-3.37691772498441,-1.43220312902567,1.34552062231047
4.48642949237338,6.91937472949956,3.5352638923378
2.97666162674394,0.367087625883365,0.5281498386828
-3.88919452008047,-1.11580992605515,2.02617460969638
1.45398542795233,-0.254334159469338,0.854592367327701
0.601884092874202,0.819268684158699,0.91097842390187
-0.927198177402777,-1.08397497005284,0.152213873375043
3.69451310324789,0.245490369660738,0.0548805519445476
3.60639556231102,4.06104215857781,2.12447385343863
-2.19884404125512,-2.03683114518662,0.357259224086797
0.21404975502209,0.532058081361809,0.872422028797748
2.09498012312259,1.44945350728361,0.603403793368852
-1.39323042166639,0.298176675818994,1.87548657238645
-2.481985461984,-0.148753664995756,1.95629063352945
-4.79133187820845,-4.18672305372646,0.557146316120639
1.81655318978197,0.080578997945585,0.224053633334078
0.0910115145833739,0.342380709712924,0.889097502655385
1.43539187055385,0.310423304728407,0.510433793956273
-0.810687403051692,-0.994210371884041,1.90609410383512
-1.83738148175918,-1.45585424282886,0.269809604580896
1.11373486364571,0.0481683669887547,1.15867599638964
2.99557584232732,1.46811455104132,0.430235470605198
0.05282832258494,1.63885644932138,1.39466741714172
1.03323045610843,-0.816586730737513,0.214568557481764
1.01468147409398,1.77168351546673,1.77521729122611
-1.85900154854497,-0.503620125889683,1.19905309554736
0.837774625026239,-0.909606477347972,0.204023878798544
1.12873171630215,0.566472068712473,1.02427173809527
-2.64019476082913,-2.26012631164265,0.761979156960739
-1.57040633828335,-1.04880327373603,0.459827464872553
2.99296362326805,1.56520797987988,0.6116681893175
-0.463091964905566,0.151136904940464,1.38542825454368
2.47995406842601,0.373062900690588,0.0794300873319015
-2.38982301952114,-4.35520258288678,0.075131931525255
1.17001307567322,0.242998768132392,0.340992715524647
-1.31196012338094,1.05713703649036,3.04566626315194
-5.75723248898433,-5.07608795257423,0.6053101346262
1.9346554323497,0.416205188779709,0.470090495168135
0.171739824416126,0.298105756465439,2.00455929929389
3.28526622244922,1.91411361148803,1.32106917616413
1.17877236574832,0.0887566320055772,0.0624116053697807
0.869684483880117,-0.291764617702549,0.163723793637675
2.9301140994376,1.91842377936248,0.453898151499778
-2.93431375233911,-1.6220649942603,1.02100791037402
-2.065308878022,-1.63419651225712,0.453943312693718
1.26369655247212,-0.240598062845751,0.148159926890852
-0.690571350235974,-0.61392102821996,1.00683900646715
0.513545019389866,1.94890279849399,3.71013017985601
2.19295589932646,4.90638217971031,4.65240630424089
-1.30523854896712,-1.6584750851424,0.402657664261806
1.25729023242899,-0.0431625170511494,0.418861137889841
0.197025581318692,-0.43735881143183,0.944281560147905
-4.7006601880807,0.319645942265291,5.41304295117982
-1.52678885710839,-1.44978154253917,0.0608738036591772
-0.286602649412094,-1.4941001270724,0.0127250830536811
0.710038018569183,0.0686083402473504,0.406293239817605
0.235503985625907,0.13326159691879,1.20668326074551
-0.403121286504822,-1.20227900492133,0.519190572950619
0.241600688986357,-1.75907513338493,0.102275003479013
1.3874511821601,0.534790771878529,0.523557284861151
-1.15751506869036,-1.90425471167918,0.818708466027578
0.586871447337477,0.187146371504408,0.0904010153913677
1.58776589059101,0.0192114161300283,0.21928693364225
1.19485698299663,1.32137791420316,0.630819832795747
-3.6275633443578,-2.28145634741605,1.11551656675543
2.26525204226018,0.712456275248663,0.719738628591402
-2.90851692775994,-0.977638218427614,0.924679130006831
-0.946541407780182,0.136525461520721,1.86277308496252
-2.17490179048879,-1.67224443781355,0.294099466723707
0.486337200525786,0.445969203292701,1.16839164725345
0.395387113199659,0.924560518158631,0.662502624466048
0.970039107084266,1.48346619599674,1.51009316627299
4.13749108880569,2.64105797843471,0.796728454950235
-1.0306147041776,0.591718201174255,2.47079330224006
-0.904093992265343,0.00866222519988726,1.77013492088885
-1.32464119842899,-1.23785592002733,0.473218507986942
-1.37768115609457,-2.32574839570332,0.342428902197553
0.608867682400153,1.35798168085859,1.71010815986223
1.58033934292506,0.805655143540465,0.445197090625836
-0.67700143715759,1.5196811679914,2.55838155339086
0.212093435693625,0.539100806282535,1.04999107936325
0.911810313819236,1.96369211433019,3.2546233262746
2.10111204359215,0.320624279401618,1.14014287462448
-7.45669983906541,-5.84823539499084,0.629212049002651
-1.83180512661136,-0.203757731382563,2.46532462431553
0.339662916584213,-1.13151227809333,0.408849654135478
0.104992945195139,-0.55544633895761,0.220902507189696
-3.78620486233612,-4.32921405899723,0.122152415942549
1.3908845295466,-0.905967367095919,0.0878666060977905
3.22632492619443,0.522351092206763,0.701132227761426
0.182795515083933,0.451402022501472,1.12210784808606
0.621217217877444,1.40469878320885,1.35188292387439
0.196224212907401,0.286093138880296,1.21224523919234
-1.20987250005342,0.238648439147647,1.68669283260264
2.10465631658355,0.638449330814652,0.13940907823011
0.812472451818363,-1.18016126379137,0.0251222477040469
-1.72489016567122,-0.197442854967587,1.17994353295462
5.32009788776995,3.12278330617731,0.499070591682047
-0.254806471585388,-0.158647492332314,0.443247851024097
-0.614139152881808,1.15794665274683,1.97603599195255
5.46769201715786,2.21724000196466,0.287277228617468
1.75396559799348,0.786727392570157,0.663857725314218
-2.66788589657818,-4.00523429082792,0.0497743067687172
-2.66298000270808,-2.39543302206098,0.250592169667389
-0.473659781582897,-1.2192018084678,0.300394882202503
-4.01996796442403,-3.29081259366777,0.624473969351601
-1.05332758987766,0.0798281932246966,1.23516165532676
-1.0878816773777,-0.740156061803656,1.08742989554925
-0.393666556849122,-0.79400208042869,0.36017737151044
-0.396909593755631,-0.376172237820759,0.145232357862119
0.113342995600503,-0.50587551354581,0.18134309023861
1.41334784599127,1.39673401443858,1.1114573111921
-1.66950434681041,-0.404476580799986,0.751597531178744
0.181593872546855,-0.988010578732066,0.017934165316665
8.70352260056526,7.15902798992615,0.783066078353731
1.38085371966945,0.218137299388699,0.0882839254598443
-0.822279475188465,0.457050780829318,0.841862226859459
4.14253212902191,3.18679278310784,1.27637133224501
1.91864933660967,0.854693803640002,0.273255721139225
0.804944912998026,0.339999424962169,1.05974576556155
4.90380520095133,1.66039538116324,0.179303789231056
0.0191449773593253,-0.230212479490233,1.00431221277244
-1.6519336648379,-0.329719136512452,0.992382165662095
-1.32104271959616,2.08799928160844,4.20525641140032
-1.806419760174,-0.204197562414437,2.45268107076516
0.515869968020647,0.698757915593834,2.2648422607671
0.496847442981747,-1.02271257773868,0.589294371813293
1.95649663518306,0.444896241575905,1.07354397675237
-0.616447930343734,-0.59661738406847,0.330566690643848
0.522312187451439,-0.602222213663709,0.0709907131830799
-1.39368399408454,0.104113419100997,1.15021602365412
5.08006146517818,4.91325791733624,2.40733757111246
-13.7179040368919,-11.3446550725819,0.555055544783075
-1.36518264250845,-2.054591074031,0.0666662330373633
2.21494597393499,3.17006314964668,2.24141158318247
-2.24601377101437,-1.27723202769885,1.8633644435132
1.0128958852371,-0.201303827549518,0.307230603798243
1.02869450972688,0.0765847158628563,0.610042479041276
3.37741038246271,1.1988905475778,0.0240806448029686
10.8092139804113,9.00057681120997,0.822161560625542
0.166585204371808,-0.427792896839136,1.16832702287547
-0.716484003561316,-0.163143164444412,0.976701171931415
1.79813504770357,0.675311608753514,0.545637412662209
0.687428755589735,2.4004711110854,2.64715238362853
3.54339093893699,2.30836045249891,1.03333974462005
-2.57902338689851,-2.45159938602779,0.823768455227626
0.00459609838667152,-0.942825610905675,0.550306088043506
-0.25940875008743,-0.114193506011764,1.0321784104399
2.33190639278841,2.03361805838906,1.53288207583794
0.147486400972595,-0.25566673868858,0.624110162651987
1.1367040727236,0.474149384133631,0.196454491152103
-0.760980521657111,0.226119405077967,0.727275731018768
0.311074315548387,0.27953580640109,0.448714683829632
3.86675961073208,1.59497171584941,0.20999600693303
-0.2098160638642,-0.329256020813178,0.533868295316467
0.365066686710954,-0.370498973097396,0.20112686596523
3.09107352926117,1.76727327447925,1.48420062792078
-1.58883370607219,-0.887932717503795,0.587073903945551
-2.08254666095297,-1.23578466571328,0.135999219584423
-0.547469693452616,3.78604969586599,7.08090234835564
-4.61868993000608,-2.06951235500279,1.59766307138307
1.94300733167919,0.58118698985344,0.178897624440128
-1.85925847682333,-1.3689622754027,0.925224778480696
-6.54749716270307,-5.02312932721206,0.159099995296459
0.948781720631661,1.52223010919518,1.38622993592049
1.85619149810408,0.171718930939826,0.791613501751074
-0.930312220779269,-0.920755165537528,0.259811555290746
1.37249807911458,-0.111233520107556,0.39615773513306
-0.268381389310255,-0.00492451509700306,1.51718047206367
-0.769556909313067,-0.176627217030904,0.498179130260308
2.5343526490277,1.50524698179243,0.456127293264137
0.540976686225968,0.0166408311600327,0.304619876397888
-0.376341545800455,-0.607251855723582,0.047068296384696
-4.20323423735821,-3.5210586101199,0.123572661034859
0.441119139739577,0.103399878653566,0.19639456316453
-4.5287126471427,-4.45212625778161,1.82922282654988
-0.222069009454877,-1.66711584944389,0.148856523367682
3.4367737634375,0.877885439656867,0.373108556820427
0.454735832624981,0.406597124391247,0.536236561829584
1.80882067301152,0.136764420761028,0.411352986693498
-9.44795193277641,-7.01328608495479,0.679163632176348
-0.378396212773598,-0.980937964151928,0.0660462201193422
1.19925337223099,0.879473158135637,1.65366276005196
-3.4360626951056,-2.74879092286163,0.492390613208616
-4.98940334824455,0.476249330822958,4.78884252009877
-0.681895696513034,-1.13028928233377,0.235031114561987
-3.3979868617175,-3.0847758439377,0.176663821438618
9.45592760882911,9.17391299146093,2.08156313051976
-1.06312530378029,-0.668669538823701,1.47074994753033
0.742744889401763,0.323423923270934,1.13175898292695
-0.720959692978831,0.0599552861012736,0.931720691185631
-0.830386368140085,-1.50440966663013,0.27650106463199
0.0212412655159515,-0.193409419149936,0.981881469891369
0.621689284791815,-0.248612031822428,0.408979702810697
-3.75106834850685,-1.73269997819272,1.01175319441661
-0.838435409961513,-1.10464734799982,0.297840508470633
3.42790396071886,2.6823989372995,1.75114446603752
-0.736104942191359,-0.574874718036822,1.10518731259025
-0.617748158810374,-0.156171717449138,0.112366303218786
-0.455464364365991,-1.77869876905993,0.216127420368168
-1.29971477508614,-1.14073148596219,0.735592204390781
-0.217306226570975,-0.445906541799061,0.187987337267269
2.60301846414128,0.89965415410584,0.268198508378896
0.693550827726935,-0.477249650229074,0.0951396347393411
3.86979906371446,3.52431483290936,2.27195626716504
0.423992956739303,-0.272171260496293,0.169264795477491
-1.26466210927067,-0.107966688256381,2.40927353277058
-1.03911824449545,0.723806920406242,3.23900527810823
0.797847606554388,-0.620671879519753,0.332259593593459
-7.95025106142237,-8.57004947046091,0.00125977096832833
-1.26769880769087,-0.0666246031587068,1.44220679680663
1.38900029396564,-0.0559477000195247,0.306770657173414
0.813209418394725,-0.384395716881083,0.299903422599295
-0.244132843903677,-1.13878304045702,0.0636672727820407
1.68241591226075,2.12768820742635,1.55918580676936
0.783590354653371,0.118891897237653,0.294325968054948
1.86785078692114,0.496214075787105,0.757737223026935
-0.504583184505845,0.143206325018147,1.82644751655745
0.122127128175578,-0.733713560081239,0.901653792271652
-2.0670102007043,-1.77934330999408,0.815824298712097
-0.506717330639532,-0.816321292976471,0.150026810574692
-1.19286835309867,-0.580668010965578,0.61233870322987
-1.10037179828774,-2.38755087062407,0.146409738017698
1.02389390997299,1.29631323245442,2.18793127560701
1.4371855132131,0.743579421400429,0.350081949305668
0.025350587360457,0.266273146313614,1.96867789199905
0.779393036393799,-0.0278827615777736,0.411036001800522
-6.37329097564701,-5.05364896729936,0.524100202087516
-0.745698829813098,-0.279848195526224,1.67128148513865
2.4664722494744,1.87203578742387,0.875553660190245
0.525960840525461,0.901586388505266,2.26668514532857
4.48178066477323,3.05863099712385,1.1777710399912
-1.47953681128575,-2.08956827225011,0.32877010371826
-2.37932107565918,-0.415421873952485,2.27357030744914
-1.32480236858534,-1.33322208190056,0.324715725011006
-1.17320563932428,-0.0813931477431692,1.29907529761463
-2.17629965769523,-1.7607639167907,0.78691758473619
1.88996747284805,0.876654519171635,0.626771513988543
-1.96833964542468,-3.6330650133337,0.0131660473377718
-1.4970249786161,-1.04146598380235,1.17818299717555
2.77754026545095,1.76513402406008,0.146403748845584
-0.356808432568071,0.137381869722577,1.74546280087607
-0.569192910787134,0.362738166190624,2.07984547278454
-1.71132660924753,-0.279193125342228,1.13557477525068
2.14534432639761,0.381443870699943,0.393935412550561
-1.34590932050392,0.474659106924543,1.32728065730804
-0.269352777239424,-1.90049923709509,0.00445811334668055
-0.381480862575679,-0.992287300541762,0.232908528152801
3.08925540776566,1.82288465429765,1.53569678204365
0.126216455073375,-0.107543782311354,0.393655560200986
-3.33790904453439,-2.42670251213565,0.0211249328410875
0.925147407065771,1.95724637176147,1.50085166672515
1.43792319640332,0.138227633350675,0.219983473687293
-0.804669353758987,0.4710767261364,2.5193131882846
-21.9701517492814,-21.4356522393856,0.00188319299730793
4.75509883670097,3.58649001038088,0.912703383766335
-0.132453954528618,0.23681536798876,1.20783762592111
-10.7013151683684,-10.4625484604455,0.106626088617449
0.196226897280239,-0.340684996305649,0.814812523961531
0.503832627552033,0.29816706587979,0.310823667110178
1.84281116484796,0.564692480335333,0.34102362033566
-2.03233262625413,0.266097930249432,1.82612836682908
0.824749526032604,-0.377764914638607,0.543460161837611
0.641342297114087,0.95228258191205,2.49550907520038
-2.68620209369227,-2.45878876544316,0.398908155727328
-0.766782943426094,0.829113451356845,2.1144093688516
0.687496727091991,1.31196768174001,2.70732840466638
-2.28397218477634,-2.3251426367198,0.0448536972821374
-1.16145454987868,0.798164017932133,1.97119193574936
0.23201166058077,-0.547668990281171,0.295351028446037
-3.77672406082947,-1.15930060589505,2.72909686522898
0.970867301725047,4.38692543841783,5.34465770471223
1.33877741846809,-0.257609096863636,0.362612487547273
-0.454174981924553,-0.381548158469119,0.57728144124727
3.32614881157222,1.40675787373778,0.85357508924371
0.0361121644275094,-0.0490720465072185,0.486606094312275
1.20329090868869,1.67369902246914,2.49685586586071
-1.57444354681533,-1.2301350820207,0.745299582902621
-0.351466538103025,0.264142993058662,1.17405535739127
-0.958104464422342,1.07106719824381,2.8577664638295
-2.09183222734373,-1.82689684278852,0.792199142955353
1.04866042195085,0.49916192364599,0.410505393348467
2.85383444343859,2.00650456175231,0.507730960846667
1.89400554356552,0.25372239980852,0.0171857113707666
-5.10392257843441,-5.05498759679688,0.0642289806870234
0.992274671329502,0.435659907117767,0.81927976043445
8.65548164481135,7.23821920620428,1.17075739257682
0.749774406619273,0.639335794313957,1.08467473884355
1.11666139742728,-0.114110015546566,0.148001746904334
-2.68063119680309,-2.82181496120951,0.365619484077807
-0.00928022332729106,-0.205043285290394,0.318165832547918
1.30850422588624,-0.130494591473087,0.982807895727115
0.461708133143895,-0.533038449613247,0.216729490767062
0.797547769625576,0.00413167827746526,0.544303386874266
15.129758289048,12.0700582397923,0.643053117128893
-0.117140904356654,-0.0299299475683761,0.475002670401176
-1.78406346649484,-1.25891836086007,0.693783318124291
17.1844431043194,14.7642204668771,1.29121034655382
2.10156539836682,1.16733365965279,0.688569145866209
-0.662766410319755,-1.19810836059124,0.439669569495964
7.0082599624596,4.25425653801941,0.296039413480442
-1.97567278668311,-0.24361119798976,0.846279339238695
-1.90186215803037,-0.0829002784326673,3.01879320484174
0.675239024601901,-0.430517689966155,0.468485872606125
2.44212538787252,1.00541371996464,0.0967503411046051
-1.49816740187957,1.74480772912279,3.49967471780064
1.5991264836892,1.53926370943805,1.99798979671547
-1.19869763346017,0.12086031378536,1.00716265467205
1.82305917506423,2.91560701732752,1.69813113589236
-2.75100303042273,-1.45217940443465,1.35196947170869
1.10714200737734,2.13973552603722,2.97300773891819
3.42711896126173,1.76822899327702,0.778496683243365
-0.857905232933042,-2.14688854441512,0.0698776083668623
-0.635385127563656,0.721419861149689,1.60136068013563
-0.0106150433135496,0.134058688913617,0.339464720471085
-3.02923525376374,-0.611474267501032,3.60123773700781
-0.845416815272054,-0.633711661232448,0.092229225728188
1.00757290678717,0.0404052687995379,0.574535898865833
3.12914314235896,3.54489081179106,1.64035356562142
0.543278113623959,0.168327708269705,1.09785726460497
0.113071153148179,1.06367133230947,1.09202782742734
-0.179821653747829,-0.472231170890627,1.18063137386342
-0.905000810390023,-0.560890811609296,1.08735699213281
1.05131311288446,0.243746838020128,0.315126263891119
-1.94882034918268,0.891339695527362,3.52522857433338
2.9941124586874,1.46835507309536,0.723623322938057
0.144541107080672,2.47439545055594,3.16043975208618
-0.370215252033575,-1.4055647002256,0.0912854375666533
-4.33447179793422,-0.0191342210050824,4.20647653213684
-1.64952983876869,-0.54182256740297,0.976476429466478
-1.03236600631775,-1.24414435127153,0.0550001144140467
0.672451952605033,-0.593951761798115,0.184000712646236
0.320584022898541,-1.05987493796539,0.190619410188726
8.16393948497318,9.00050120980163,4.40304235496778
1.39331837452823,2.16848746567614,2.12994178731888
0.682277497903981,0.21739035150949,1.33702470006221
1.06949479440166,0.613588630161911,0.714162056947942
-4.27582052515086,-1.65552347298801,0.390336850537863
-1.44875673207815,-1.31638309227783,0.477853107208573
3.54606647940433,0.571887801257808,0.633724072258445
-0.523064577619281,-1.09291029082368,0.453641391449197
6.04438508750127,5.54050670068718,2.38104305107964
5.06352289535092,4.06080093241482,1.7487978365173
-2.41716791946903,-2.96772833384428,0.316741878161955
5.46340034335822,3.24989217976181,0.484731827831698
1.64998308677505,0.611479164172455,0.429665450423195
4.45077843855846,1.69510482941103,0.632218428566652
-0.158585526083147,0.38980673421132,1.18965443431658
0.566425427200666,0.4059555284243,1.36877008793561
5.50691694806849,3.78072981345609,1.00397000693618
0.462518212574061,0.764423472387929,0.901693524629243
-0.618463523869856,1.68234589364201,3.53763465013439
-0.363868794367966,-0.572054638599357,0.107272454534134
-0.329613518775614,-0.407479188258205,0.50629075397454
-1.25808231099371,-0.0342034232365427,2.36133239062164
-1.52499500666276,-1.36271503603965,0.295122640411413
-0.751055976424622,1.03041275005713,1.3309639286697
-0.0893607898134322,-0.400020361402046,0.363381865830062
-0.741886379294762,-0.903424494519996,0.276123164320382
-1.79538268903615,-0.200327751488483,2.25626287119401
1.28870018411208,-0.142303654720986,0.806466002140396
0.83633532991637,0.358923070096403,0.777961090852794
-26.4627744475688,-25.5035141993081,0.11578231709314
-1.86866728395477,-2.50794695237329,0.022491746344181
-0.761492520295615,0.0844533445067834,1.12993457172504
-1.27130066232409,-0.370359020762121,1.15772370324314
-0.212344671961902,-0.819868134859073,0.118656484626173
0.582545798083309,0.523207468701489,1.09439833402304
4.1669699020202,2.99209927488605,0.416016953974928
1.03669887417346,2.32633773515789,2.73934235115325
0.109713446568515,-0.0552511929729675,0.865441858537744
-0.876180902525281,-0.51246501423524,0.676984811013678
0.81930330146637,-0.747402890322454,0.0862967269936652
-0.284359405399292,-0.455014751838948,0.179024533943254
-4.43587190132108,-1.59883351532325,1.88937185216819
-1.58107229036403,-0.784726694647024,1.86045018994973
-0.660342107791295,-1.37764660736826,0.184644466839528
0.842513684950305,-0.436963595058112,0.0136267248133065
-0.85156616531539,-1.0269047166067,0.312504911303141
1.12097714462039,0.576337929821738,0.768869794425494
-0.608714152376389,0.57430631805948,1.25190733607328
-2.04259357496587,-1.46318324698219,0.0681881129474356
-3.60579892441141,-0.460589959400489,2.8965061426719
0.0328320753903847,0.666487405784554,1.68628028488806
-0.803483785238369,-1.31153882703306,0.424594728021737
2.71689861715586,1.18361526782572,0.104638362880065
-0.427035293564746,-0.852932379751885,0.52859963103798
2.48261472163922,1.88919578339756,1.89148535042353
0.941710171215314,-0.554620410736771,0.500145781701267
-2.1241135323382,-1.4191902012001,1.22867331110023
1.10240149178765,0.179476349474489,0.666066894229672
-0.426206728408962,-0.32826556553176,0.74136596192287
-2.15461747944791,-2.80545651566309,0.0348246942314194
-0.924117531774394,-1.33472139900629,0.800948826249391
-1.83508704570682,-1.06228556330781,0.848482753706549
3.46156703047617,3.24465649266915,2.24269230333662
1.21482338953635,-1.34938220741439,0.0398437161061674
-0.677952459945072,-0.490398201603922,0.632718554914032
2.41914463728042,1.13478488195754,1.45392408807487
-1.41458566081596,-1.76896738105808,0.230279790219871
-0.6459746795939,-0.421636947361703,0.650075940204331
-5.68651826453588,-4.50784412238748,1.27437429510078
1.86401137921223,2.02529623807636,2.45146698938878
0.0619182799858332,-0.219650328569045,0.363774950783037
3.82510011734916,3.28496208108543,1.68596110616047
-1.32500951088851,-1.44946009491075,0.336535454297454
-0.531039291831357,-0.666816425048949,0.300959961950492
-2.08238614342443,-1.45240960850234,0.959541106747386
1.18003735932149,0.360169943428263,0.26802369881142
-2.00347842661446,-2.21828663207774,0.358010886926878
-0.998996477548948,-0.695998318455415,0.0779465982889884
-1.96819463415807,-0.086964976594988,1.58447185414427
-0.836000232687026,-0.340702957959143,0.258407503144107
0.86702040065609,1.57995551686202,1.09726880012177
-1.0435181862981,-0.567278789201912,0.98963100742886
3.60349136961511,0.705055755555559,0.380619687567417
0.27443844153634,0.217404172037109,0.989076355712743
-0.78012894225104,-0.0947774217324989,1.76637710160611
4.34290160130283,2.07189760979397,0.292637735795444
-3.27274652006352,-1.599104366842,0.93264370225305
1.90124304702918,-0.160321794385021,0.139978624587791
-2.71562977583528,1.05561317642033,4.30589747852906
3.77496783538662,1.92027321370911,0.482843144398499
-0.414077593334066,-0.414440038021966,0.421967004954844
-1.32244534003611,-1.0891568954535,0.534332570430801
-5.2283209253235,-5.07388381296069,0.279948786388089
1.27246049622326,-0.701050878428135,0.344715756489598
-1.23184107641336,-0.467808291438593,0.161413129868947
0.0295660114579687,1.88554768896571,2.68349316664232
-1.11538808764613,-1.37846200589827,0.201486348590079
0.354716545162601,-1.04244785507143,0.246343306977683
-1.4968836273497,-1.1433527637161,0.094188605083957
